GEOID,income_rank,catogroy
48201100000,0.7848911651728553,Q4
48201210400,0.18053777208706787,Q1
48201210500,0.1997439180537772,Q1
48201210600,0.5185659411011524,Q3
48201210700,0.23431498079385404,Q2
48201210800,0.13700384122919335,Q1
48201210900,0.1446862996158771,Q1
48201211000,0.1946222791293214,Q1
48201211100,0.03713188220230474,Q1
48201211200,0.0076824583866837385,Q1
48201211300,0.04865556978233035,Q1
48201211400,0.0793854033290653,Q1
48201211500,0.1267605633802817,Q1
48201211600,0.11267605633802817,Q1
48201211700,0.0998719590268886,Q1
48201211900,0.1677336747759283,Q1
48201212300,0.028169014084507043,Q1
48201212400,0.21510883482714468,Q2
48201212500,0.2599231754161332,Q2
48201220100,0.12804097311139565,Q1
48201220200,0.2740076824583867,Q2
48201220300,0.3687580025608195,Q2
48201220400,0.19078104993597952,Q1
48201220500,0.005121638924455826,Q1
48201220600,0.23047375160051217,Q2
48201220700,0.029449423815621,Q1
48201220800,0.02176696542893726,Q1
48201220900,0.2496798975672215,Q2
48201221000,0.10243277848911651,Q1
48201221100,0.0678617157490397,Q1
48201221200,0.3034571062740077,Q2
48201221300,0.35723431498079383,Q2
48201221400,0.15492957746478872,Q1
48201221500,0.08450704225352113,Q1
48201221600,0.39436619718309857,Q2
48201221700,0.2880921895006402,Q2
48201221800,0.08322663252240717,Q1
48201221900,0.30217669654289375,Q2
48201222000,0.20486555697823303,Q2
48201222100,0.07426376440460948,Q1
48201222200,0.15749039692701663,Q1
48201222300,0.2970550576184379,Q2
48201222401,0.19846350832266324,Q1
48201222402,0.3764404609475032,Q2
48201222501,0.024327784891165175,Q1
48201222502,0.37772087067861715,Q2
48201222503,0.13956466069142126,Q1
48201222600,0.04353393085787452,Q1
48201222700,0.008962868117797696,Q1
48201222800,0.117797695262484,Q1
48201222900,0.44558258642765686,Q3
48201223001,0.4174135723431498,Q3
48201223002,0.034571062740076826,Q1
48201223100,0.5428937259923176,Q3
48201230100,0.16261203585147246,Q1
48201230200,0.10115236875800256,Q1
48201230300,0.13316261203585147,Q1
48201230400,0.06658130601792574,Q1
48201230500,0.17157490396927016,Q1
48201230600,0.08962868117797695,Q1
48201230700,0.02560819462227913,Q1
48201230800,0.09603072983354674,Q1
48201230900,0.011523687580025609,Q1
48201231000,0.29577464788732394,Q2
48201231100,0.2535211267605634,Q2
48201231200,0.19206145966709348,Q1
48201231300,0.2087067861715749,Q2
48201231400,0.2586427656850192,Q2
48201231500,0.08578745198463508,Q1
48201231600,0.34314980793854033,Q2
48201231700,0.08066581306017925,Q1
48201231800,0.28425096030729835,Q2
48201231900,0.2701664532650448,Q2
48201232000,0.3866837387964149,Q2
48201232100,0.17285531370038412,Q1
48201232200,0.6248399487836107,Q4
48201232301,0.3700384122919334,Q2
48201232302,0.6427656850192062,Q4
48201232401,0.5838668373879642,Q3
48201232402,0.47247119078104993,Q3
48201232403,0.352112676056338,Q2
48201232500,0.23943661971830985,Q2
48201232600,0.559539052496799,Q3
48201232701,0.12419974391805377,Q1
48201232702,0.20998719590268886,Q2
48201232800,0.32522407170294493,Q2
48201232900,0.36363636363636365,Q2
48201233001,0.31498079385403327,Q2
48201233002,0.7554417413572343,Q4
48201233003,0.7157490396927016,Q4
48201233101,0.16389244558258642,Q1
48201233102,0.16645326504481434,Q1
48201233103,0.2112676056338028,Q2
48201233200,0.4660691421254802,Q3
48201233300,0.3674775928297055,Q2
48201233400,0.14980793854033292,Q1
48201233500,0.382842509603073,Q2
48201233600,0.052496798975672214,Q1
48201233701,0.24199743918053776,Q2
48201233702,0.39308578745198464,Q2
48201233703,0.5249679897567221,Q3
48201240100,0.088348271446863,Q1
48201240400,0.34571062740076824,Q2
48201240501,0.11139564660691421,Q1
48201240502,0.023047375160051217,Q1
48201240600,0.03841229193341869,Q1
48201240701,0.4020486555697823,Q3
48201240702,0.5544174135723432,Q3
48201240801,0.16517285531370038,Q1
48201240802,0.4852752880921895,Q3
48201240901,0.6914212548015365,Q4
48201240902,0.6325224071702945,Q4
48201241000,0.44814340588988477,Q3
48201241101,0.6658130601792573,Q4
48201241102,0.6722151088348272,Q4
48201241103,0.3854033290653009,Q2
48201241200,0.49551856594110116,Q3
48201241300,0.8233034571062741,Q5
48201241400,0.734955185659411,Q4
48201241500,0.3072983354673495,Q2
48201250100,0.7336747759282971,Q4
48201250200,0.6043533930857875,Q4
48201250301,0.6081946222791293,Q4
48201250302,0.7451984635083226,Q4
48201250401,0.8361075544174136,Q5
48201250402,0.9052496798975672,Q5
48201250500,0.6683738796414853,Q4
48201250600,0.09475032010243278,Q1
48201250701,0.7400768245838668,Q4
48201250702,0.8719590268886044,Q5
48201250800,0.8629961587708067,Q5
48201250900,0.9551856594110115,Q5
48201251000,0.8207426376440461,Q5
48201251100,0.7503201024327785,Q4
48201251200,0.6350832266325224,Q4
48201251300,0.8156209987195903,Q5
48201251401,0.8745198463508322,Q5
48201251402,0.6261203585147247,Q4
48201251501,0.93854033290653,Q5
48201251502,0.9526248399487837,Q5
48201251503,0.8962868117797695,Q5
48201251600,0.7989756722151088,Q4
48201251700,0.33162612035851474,Q2
48201251800,0.7580025608194623,Q4
48201251901,0.7272727272727273,Q4
48201251902,0.8335467349551856,Q5
48201252000,0.9257362355953905,Q5
48201252100,0.676056338028169,Q4
48201252200,0.5851472471190781,Q3
48201252301,0.6069142125480154,Q4
48201252302,0.7016645326504481,Q4
48201252400,0.5710627400768246,Q3
48201252500,0.3994878361075544,Q2
48201252600,0.4033290653008963,Q3
48201252700,0.2560819462227913,Q2
48201252800,0.5646606914212549,Q3
48201252900,0.58898847631242,Q3
48201253000,0.3508322663252241,Q2
48201253100,0.8847631241997439,Q5
48201253200,0.7516005121638925,Q4
48201253300,0.764404609475032,Q4
48201253400,0.3085787451984635,Q2
48201253500,0.4980793854033291,Q3
48201253600,0.33290653008962867,Q2
48201253700,0.5224071702944942,Q3
48201253800,0.5761843790012804,Q3
48201253900,0.45454545454545453,Q3
48201254000,0.4507042253521127,Q3
48201254100,0.2855313700384123,Q2
48201254200,0.4353393085787452,Q3
48201254300,0.3892445582586428,Q2
48201254400,0.21254801536491677,Q2
48201254500,0.37900128040973113,Q2
48201254600,0.5032010243277849,Q3
48201254700,0.5480153649167734,Q3
48201310100,0.6542893725992317,Q4
48201310200,0.939820742637644,Q5
48201310300,0.323943661971831,Q2
48201310400,0.11395646606914213,Q1
48201310500,0.25096030729833546,Q2
48201310600,0.16005121638924455,Q1
48201310700,0.42509603072983354,Q3
48201310800,0.2266325224071703,Q2
48201310900,0.08194622279129321,Q1
48201311000,0.07298335467349552,Q1
48201311100,0.22151088348271447,Q2
48201311200,0.23687580025608196,Q2
48201311300,0.38028169014084506,Q2
48201311400,0.25224071702944945,Q2
48201311500,0.44174135723431496,Q3
48201311600,0.10755441741357234,Q1
48201311700,0.12291933418693982,Q1
48201311800,0.2471190781049936,Q2
48201311900,0.4327784891165173,Q3
48201312000,0.6235595390524968,Q4
48201312100,0.0012804097311139564,Q1
48201312200,0.03969270166453265,Q1
48201312300,0.24455825864276567,Q2
48201312400,0.010243277848911651,Q1
48201312500,0.8399487836107554,Q5
48201312600,0.6606914212548015,Q4
48201312700,0.5454545454545454,Q3
48201312800,0.0038412291933418692,Q1
48201312900,0.24839948783610755,Q2
48201313000,0.33034571062740076,Q2
48201313100,0.7823303457106274,Q4
48201313200,0.6120358514724712,Q4
48201313300,0.14852752880921896,Q1
48201313400,0.016645326504481434,Q1
48201313500,0.28681177976952626,Q2
48201313600,0.019206145966709345,Q1
48201313700,0.4186939820742638,Q3
48201313800,0.06402048655569782,Q1
48201313900,0.4379001280409731,Q3
48201314001,0.5902688860435339,Q3
48201314002,0.41357234314980795,Q3
48201314300,0.15108834827144688,Q1
48201314400,0.5019206145966709,Q3
48201320100,0.2573623559539053,Q2
48201320200,0.31882202304737517,Q2
48201320500,0.5800256081946222,Q3
48201320601,0.3265044814340589,Q2
48201320602,0.1293213828425096,Q1
48201320700,0.5096030729833547,Q3
48201320800,0.2752880921895006,Q2
48201320900,0.43149807938540335,Q3
48201321000,0.4494238156209987,Q3
48201321100,0.6056338028169014,Q4
48201321200,0.19590268886043533,Q1
48201321300,0.2791293213828425,Q2
48201321401,0.2970550576184379,Q2
48201321402,0.6222791293213829,Q4
48201321500,0.14084507042253522,Q1
48201321600,0.6299615877080665,Q4
48201321700,0.6619718309859155,Q4
48201321800,0.6107554417413572,Q4
48201321900,0.40717029449423814,Q3
48201322000,0.23815620998719592,Q2
48201322100,0.293213828425096,Q2
48201322200,0.12548015364916773,Q1
48201322600,0.45966709346991036,Q3
48201322700,0.47631241997439183,Q3
48201322800,0.4673495518565941,Q3
48201322900,0.43405889884763127,Q3
48201323000,0.09859154929577464,Q1
48201323100,0.2023047375160051,Q2
48201323200,0.5633802816901409,Q3
48201323300,0.17797695262483995,Q1
48201323400,0.3738796414852753,Q2
48201323500,0.09090909090909091,Q1
48201323600,0.4148527528809219,Q3
48201323701,0.4827144686299616,Q3
48201323702,0.4225352112676056,Q3
48201323801,0.5774647887323944,Q3
48201323802,0.4058898847631242,Q3
48201323900,0.13444302176696543,Q1
48201324000,0.6888604353393086,Q4
48201324100,0.27784891165172854,Q2
48201324200,0.020486555697823303,Q1
48201330100,0.5467349551856594,Q3
48201330200,0.4084507042253521,Q3
48201330301,0.587708066581306,Q3
48201330302,0.4814340588988476,Q3
48201330303,0.36235595390524966,Q2
48201330400,0.2880921895006402,Q2
48201330500,0.42893725992317544,Q3
48201330600,0.48655569782330343,Q3
48201330700,0.3905249679897567,Q2
48201330800,0.7298335467349552,Q4
48201330900,0.558258642765685,Q3
48201331100,0.04737516005121639,Q1
48201331200,0.03585147247119078,Q1
48201331300,0.28169014084507044,Q2
48201331400,0.002560819462227913,Q1
48201331500,0.5172855313700384,Q3
48201331601,0.17541613316261204,Q1
48201331602,0.20102432778489115,Q2
48201331700,0.09218950064020487,Q1
48201331800,0.18181818181818182,Q1
48201331900,0.4238156209987196,Q3
48201332000,0.07042253521126761,Q1
48201332100,0.235595390524968,Q2
48201332200,0.33674775928297057,Q2
48201332300,0.1792573623559539,Q1
48201332400,0.17413572343149808,Q1
48201332500,0.28040973111395645,Q2
48201332600,0.24583866837387963,Q2
48201332700,0.3905249679897567,Q2
48201332800,0.14212548015364918,Q1
48201332900,0.29961587708066584,Q2
48201333000,0.5364916773367477,Q3
48201333100,0.3546734955185659,Q2
48201333201,0.29449423815621,Q2
48201333202,0.14596670934699105,Q1
48201333300,0.22535211267605634,Q2
48201333500,0.2407170294494238,Q2
48201333600,0.6555697823303457,Q4
48201333700,0.38412291933418696,Q2
48201333800,0.49039692701664533,Q3
48201333901,0.7387964148527529,Q4
48201333902,0.4622279129321383,Q3
48201334001,0.3047375160051216,Q2
48201334002,0.5326504481434059,Q3
48201334003,0.5083226632522407,Q3
48201334100,0.5275288092189501,Q3
48201340100,0.3713188220230474,Q2
48201340201,0.8809218950064021,Q5
48201340202,0.9577464788732394,Q5
48201340203,0.9206145966709347,Q5
48201340301,0.9807938540332907,Q5
48201340302,0.882202304737516,Q5
48201340400,0.971830985915493,Q5
48201340500,0.3405889884763124,Q2
48201340600,0.7976952624839949,Q4
48201340700,0.7029449423815621,Q4
48201340800,0.9244558258642765,Q5
48201340900,0.4519846350832266,Q3
48201341000,0.5390524967989757,Q3
48201341100,0.5723431498079385,Q3
48201341201,0.2727272727272727,Q2
48201341202,0.7592829705505761,Q4
48201341301,0.41229193341869397,Q3
48201341302,0.42765685019206146,Q3
48201341400,0.8924455825864277,Q5
48201341501,0.765685019206146,Q4
48201341502,0.7605633802816901,Q4
48201341600,0.8271446862996159,Q5
48201341700,0.7836107554417413,Q4
48201341800,0.7720870678617158,Q4
48201342001,0.8770806658130602,Q5
48201342002,0.8322663252240717,Q5
48201342100,0.6952624839948783,Q4
48201342200,0.5608194622279129,Q3
48201342300,0.5992317541613317,Q3
48201342400,0.5787451984635084,Q3
48201342500,0.677336747759283,Q4
48201342700,0.6389244558258643,Q4
48201342800,0.8950064020486556,Q5
48201342900,0.7618437900128041,Q4
48201343000,0.6094750320102432,Q4
48201343100,0.7900128040973111,Q4
48201343200,0.8642765685019206,Q5
48201343301,0.7695262483994878,Q4
48201343302,0.7144686299615877,Q4
48201343600,0.617157490396927,Q4
48201343700,0.5211267605633803,Q3
48201350100,0.8066581306017926,Q5
48201350200,0.6414852752880922,Q4
48201350300,0.8604353393085787,Q5
48201350400,0.5659411011523687,Q3
48201350500,0.3354673495518566,Q2
48201350601,0.6811779769526248,Q4
48201350602,0.8476312419974392,Q5
48201350700,0.8040973111395646,Q5
48201350801,0.5941101152368758,Q3
48201350802,0.6875800256081946,Q4
48201410100,0.5300896286811779,Q3
48201410200,0.9321382842509603,Q5
48201410300,0.8617157490396927,Q5
48201410401,0.9615877080665813,Q5
48201410402,0.8681177976952625,Q5
48201410500,0.8028169014084507,Q5
48201410600,0.7259923175416133,Q4
48201410701,0.7426376440460948,Q4
48201410702,0.5556978233034571,Q3
48201410800,0.6530089628681178,Q4
48201410900,0.8425096030729834,Q5
48201411000,0.8194622279129321,Q5
48201411100,0.9756722151088348,Q5
48201411200,0.9859154929577465,Q5
48201411300,0.8284250960307298,Q5
48201411400,0.9910371318822023,Q5
48201411501,0.7861715749039693,Q4
48201411502,0.7746478873239436,Q4
48201411600,0.9743918053777209,Q5
48201411700,0.7003841229193342,Q4
48201411800,0.7413572343149808,Q4
48201411900,0.7567221510883483,Q4
48201412000,0.9782330345710627,Q5
48201412200,0.942381562099872,Q5
48201412300,0.9910371318822023,Q5
48201412400,0.9910371318822023,Q5
48201412500,0.9910371318822023,Q5
48201412600,0.9910371318822023,Q5
48201412700,0.9449423815620999,Q5
48201412800,0.9884763124199744,Q5
48201412900,0.6005121638924455,Q4
48201413000,0.969270166453265,Q5
48201413100,0.9910371318822023,Q5
48201413201,0.499359795134443,Q3
48201413202,0.6376440460947503,Q4
48201413300,0.8104993597951344,Q5
48201420100,0.3585147247119078,Q2
48201420200,0.6504481434058899,Q4
48201420300,0.8309859154929577,Q5
48201420400,0.8169014084507042,Q5
48201420500,0.1882202304737516,Q1
48201420600,0.7311139564660691,Q4
48201420700,0.9628681177976952,Q5
48201420800,0.9795134443021767,Q5
48201420900,0.9846350832266325,Q5
48201421000,0.967989756722151,Q5
48201421101,0.26888604353393086,Q2
48201421102,0.07810499359795134,Q1
48201421201,0.2330345710627401,Q2
48201421202,0.05377720870678617,Q1
48201421300,0.13188220230473752,Q1
48201421401,0.056338028169014086,Q1
48201421402,0.04225352112676056,Q1
48201421403,0.05761843790012804,Q1
48201421500,0.10627400768245839,Q1
48201421600,0.09346991037131883,Q1
48201421700,0.6402048655569782,Q4
48201421800,0.3879641485275288,Q2
48201421900,0.970550576184379,Q5
48201422000,0.8732394366197183,Q5
48201422100,0.5620998719590269,Q3
48201422200,0.015364916773367477,Q1
48201422301,0.06145966709346991,Q1
48201422302,0.5313700384122919,Q3
48201422401,0.040973111395646605,Q1
48201422402,0.36107554417413573,Q2
48201422500,0.28297055057618437,Q2
48201422600,0.4942381562099872,Q3
48201422701,0.44430217669654287,Q3
48201422702,0.5966709346991037,Q3
48201422800,0.21638924455825864,Q2
48201422900,0.21382842509603073,Q2
48201423000,0.147247119078105,Q1
48201423100,0.1587708066581306,Q1
48201423201,0.6965428937259923,Q4
48201423202,0.12163892445582586,Q1
48201423301,0.4046094750320102,Q3
48201423302,0.2906530089628681,Q2
48201423401,0.5416133162612036,Q3
48201423402,0.5108834827144686,Q3
48201423500,0.7784891165172856,Q4
48201423600,0.3380281690140845,Q2
48201430100,0.7131882202304738,Q4
48201430200,0.7464788732394366,Q4
48201430300,0.9910371318822023,Q5
48201430400,0.9910371318822023,Q5
48201430500,0.8783610755441741,Q5
48201430600,0.9897567221510883,Q5
48201430700,0.7170294494238156,Q4
48201430800,0.9308578745198464,Q5
48201430900,0.8565941101152369,Q5
48201431000,0.795134443021767,Q4
48201431101,0.36619718309859156,Q2
48201431102,0.48911651728553135,Q3
48201431201,0.18693982074263765,Q1
48201431202,0.5198463508322664,Q3
48201431301,0.4878361075544174,Q3
48201431302,0.8514724711907811,Q5
48201431401,0.6632522407170295,Q4
48201431402,0.7541613316261203,Q4
48201431501,0.7234314980793854,Q4
48201431502,0.9065300896286812,Q5
48201431600,0.9641485275288092,Q5
48201431700,0.9731113956466069,Q5
48201431801,0.8386683738796414,Q5
48201431802,0.9026888604353394,Q5
48201431900,0.8181818181818182,Q5
48201432001,0.5569782330345711,Q3
48201432002,0.14340588988476313,Q1
48201432100,0.3444302176696543,Q2
48201432200,0.3495518565941101,Q2
48201432300,0.2919334186939821,Q2
48201432400,0.18437900128040974,Q1
48201432500,0.10371318822023047,Q1
48201432600,0.33418693982074266,Q2
48201432701,0.01792573623559539,Q1
48201432702,0.586427656850192,Q3
48201432801,0.1613316261203585,Q1
48201432802,0.012804097311139564,Q1
48201432901,0.06017925736235595,Q1
48201432902,0.1523687580025608,Q1
48201433001,0.03201024327784891,Q1
48201433002,0.05505761843790013,Q1
48201433003,0.014084507042253521,Q1
48201433100,0.06914212548015365,Q1
48201433201,0.1702944942381562,Q1
48201433202,0.35979513444302175,Q2
48201433300,0.615877080665813,Q4
48201433400,0.1357234314980794,Q1
48201433501,0.05121638924455826,Q1
48201433502,0.030729833546734954,Q1
48201433600,0.22791293213828426,Q2
48201440100,0.469910371318822,Q3
48201450100,0.9231754161331626,Q5
48201450200,0.8975672215108835,Q5
48201450300,0.6440460947503202,Q4
48201450400,0.6568501920614597,Q4
48201450500,0.9603072983354674,Q5
48201450600,0.7477592829705506,Q4
48201450700,0.9871959026888605,Q5
48201450801,0.4686299615877081,Q3
48201450802,0.4532650448143406,Q3
48201450900,0.8002560819462228,Q5
48201451001,0.3393085787451985,Q2
48201451002,0.5134443021766966,Q3
48201451100,0.7810499359795134,Q4
48201451200,0.9667093469910372,Q5
48201451300,0.7439180537772087,Q4
48201451401,0.3559539052496799,Q2
48201451402,0.44302176696542894,Q3
48201451403,0.4801536491677337,Q3
48201451500,0.5672215108834827,Q3
48201451601,0.8117797695262484,Q5
48201451602,0.7759282970550576,Q4
48201451700,0.4967989756722151,Q3
48201451800,0.5492957746478874,Q3
48201451901,0.22023047375160051,Q2
48201451902,0.8348271446862996,Q5
48201452000,0.34699103713188223,Q2
48201452100,0.43021766965428937,Q3
48201452201,0.21895006402048656,Q2
48201452202,0.2714468629961588,Q2
48201452300,0.3725992317541613,Q2
48201452400,0.15620998719590268,Q1
48201452500,0.2176696542893726,Q2
48201452600,0.22919334186939821,Q2
48201452700,0.26504481434058896,Q2
48201452801,0.30985915492957744,Q2
48201452802,0.2765685019206146,Q2
48201452900,0.39564660691421255,Q2
48201453000,0.353393085787452,Q2
48201453100,0.0499359795134443,Q1
48201453200,0.18950064020486557,Q1
48201453300,0.046094750320102434,Q1
48201453401,0.31241997439180536,Q2
48201453402,0.3969270166453265,Q2
48201453403,0.08706786171574904,Q1
48201453501,0.3649167733674776,Q2
48201453502,0.3111395646606914,Q2
48201453601,0.0973111395646607,Q1
48201453602,0.22279129321382843,Q2
48201453700,0.41613316261203587,Q3
48201453800,0.4788732394366197,Q3
48201453900,0.41101152368758004,Q3
48201454000,0.5825864276568502,Q3
48201454100,0.5377720870678617,Q3
48201454200,0.6824583866837388,Q4
48201454301,0.45454545454545453,Q3
48201454302,0.5057618437900128,Q3
48201454400,0.31370038412291934,Q2
48201454501,0.9769526248399488,Q5
48201454502,0.9820742637644047,Q5
48201454600,0.6798975672215108,Q4
48201454700,0.911651728553137,Q5
48201454800,0.5441741357234315,Q3
48201454900,0.8258642765685019,Q5
48201455000,0.9078104993597952,Q5
48201455101,0.6939820742637645,Q4
48201455102,0.8706786171574904,Q5
48201455200,0.7631241997439181,Q4
48201455300,0.6197183098591549,Q4
48201510100,0.9346991037131882,Q5
48201510200,0.8143405889884763,Q5
48201510300,0.8937259923175416,Q5
48201510400,0.7925736235595391,Q4
48201510500,0.9513444302176697,Q5
48201510600,0.9372599231754162,Q5
48201510700,0.910371318822023,Q5
48201510800,0.9500640204865557,Q5
48201510900,0.9282970550576184,Q5
48201511001,0.678617157490397,Q4
48201511002,0.737516005121639,Q4
48201511100,0.9090909090909091,Q5
48201511200,0.9564660691421255,Q5
48201511301,0.8873239436619719,Q5
48201511302,0.8693982074263764,Q5
48201511400,0.8758002560819462,Q5
48201511500,0.9154929577464789,Q5
48201511600,0.5352112676056338,Q3
48201520100,0.9014084507042254,Q5
48201520200,0.793854033290653,Q4
48201520300,0.3175416133162612,Q2
48201520400,0.10499359795134443,Q1
48201520500,0.25480153649167736,Q2
48201520601,0.18181818181818182,Q1
48201520602,0.26376440460947503,Q2
48201520700,0.9218950064020487,Q5
48201521000,0.22407170294494239,Q2
48201521100,0.20358514724711907,Q2
48201521200,0.24327784891165172,Q2
48201521300,0.31626120358514725,Q2
48201521400,0.20742637644046094,Q2
48201521500,0.646606914212548,Q4
48201521600,0.45710627400768244,Q3
48201521700,0.11907810499359796,Q1
48201521800,0.5262483994878361,Q3
48201521900,0.7323943661971831,Q4
48201522000,0.4263764404609475,Q3
48201522100,0.44046094750320103,Q3
48201522201,0.4007682458386684,Q3
48201522202,0.322663252240717,Q2
48201522301,0.3418693982074264,Q2
48201522302,0.5531370038412292,Q3
48201522401,0.5953905249679897,Q3
48201522402,0.4839948783610755,Q3
48201522500,0.9833546734955185,Q5
48201530100,0.07554417413572344,Q1
48201530200,0.8220230473751601,Q5
48201530300,0.026888604353393086,Q1
48201530400,0.11651728553137004,Q1
48201530500,0.1088348271446863,Q1
48201530600,0.15364916773367476,Q1
48201530700,0.06530089628681178,Q1
48201530800,0.5044814340588989,Q3
48201530900,0.7682458386683739,Q4
48201531000,0.9487836107554417,Q5
48201531100,0.9475032010243278,Q5
48201531200,0.614596670934699,Q4
48201531300,0.1203585147247119,Q1
48201531500,0.45838668373879643,Q3
48201531600,0.7208706786171575,Q4
48201531700,0.9334186939820742,Q5
48201531800,0.1382842509603073,Q1
48201531900,0.3290653008962868,Q2
48201532001,0.19334186939820744,Q1
48201532002,0.70550576184379,Q4
48201532100,0.11011523687580026,Q1
48201532200,0.23175416133162613,Q2
48201532300,0.32778489116517284,Q2
48201532400,0.6209987195902689,Q4
48201532501,0.6030729833546735,Q4
48201532502,0.2676056338028169,Q2
48201532600,0.20614596670934698,Q2
48201532700,0.3201024327784891,Q2
48201532800,0.6363636363636364,Q4
48201532900,0.3060179257362356,Q2
48201533000,0.07170294494238157,Q1
48201533100,0.471190781049936,Q3
48201533200,0.1856594110115237,Q1
48201533300,0.006402048655569782,Q1
48201533400,0.2612035851472471,Q2
48201533500,0.5070422535211268,Q3
48201533600,0.13060179257362356,Q1
48201533701,0.06274007682458387,Q1
48201533702,0.26248399487836105,Q2
48201533801,0.43918053777208704,Q3
48201533802,0.4647887323943662,Q3
48201533901,0.5160051216389244,Q3
48201533902,0.058898847631242,Q1
48201534001,0.176696542893726,Q1
48201534002,0.4199743918053777,Q3
48201534003,0.5979513444302177,Q3
48201534100,0.6927016645326505,Q4
48201534201,0.5518565941101152,Q3
48201534202,0.7669654289372599,Q4
48201534203,0.40973111395646605,Q3
48201540100,0.9590268886043534,Q5
48201540200,0.46350832266325226,Q3
48201540501,0.16901408450704225,Q1
48201540502,0.7106274007682458,Q4
48201540601,0.6517285531370038,Q4
48201540602,0.528809218950064,Q3
48201540700,0.7887323943661971,Q4
48201540800,0.5236875800256082,Q3
48201540901,0.9359795134443022,Q5
48201540902,0.5505761843790012,Q3
48201541001,0.6645326504481434,Q4
48201541002,0.8578745198463509,Q5
48201541003,0.8501920614596671,Q5
48201541100,0.8450704225352113,Q5
48201541201,0.852752880921895,Q5
48201541202,0.7772087067861716,Q4
48201541203,0.8796414852752881,Q5
48201541300,0.5697823303457106,Q3
48201541400,0.6837387964148528,Q4
48201541500,0.6709346991037132,Q4
48201541601,0.8092189500640204,Q5
48201541602,0.5915492957746479,Q3
48201541700,0.5813060179257362,Q3
48201541800,0.49295774647887325,Q3
48201541900,0.7093469910371318,Q4
48201542000,0.736235595390525,Q4
48201542101,0.6274007682458387,Q4
48201542102,0.7285531370038413,Q4
48201542200,0.7195902688860435,Q4
48201542301,0.706786171574904,Q4
48201542302,0.7528809218950064,Q4
48201542400,0.6338028169014085,Q4
48201542500,0.708066581306018,Q4
48201542600,0.8297055057618438,Q5
48201542700,0.5403329065300896,Q3
48201542800,0.8245838668373879,Q5
48201542900,0.8437900128040973,Q5
48201543001,0.941101152368758,Q5
48201543002,0.9193341869398207,Q5
48201543003,0.6991037131882202,Q4
48201543100,0.704225352112676,Q4
48201543200,0.645326504481434,Q4
48201550100,0.04481434058898848,Q1
48201550200,0.03329065300896287,Q1
48201550301,0.07682458386683738,Q1
48201550302,0.37516005121638923,Q2
48201550401,0.4212548015364917,Q3
48201550402,0.4737516005121639,Q3
48201550500,0.39820742637644047,Q2
48201550601,0.5736235595390525,Q3
48201550602,0.649167733674776,Q4
48201550603,0.4468629961587708,Q3
48201550700,0.6312419974391805,Q4
48201550800,0.49167733674775926,Q3
48201550900,0.46094750320102434,Q3
48201551000,0.3213828425096031,Q2
48201551100,0.34827144686299616,Q2
48201551200,0.38156209987195905,Q2
48201551300,0.6978233034571063,Q4
48201551400,0.7247119078104993,Q4
48201551500,0.47759282970550576,Q3
48201551600,0.5134443021766966,Q3
48201551701,0.647887323943662,Q4
48201551702,0.9026888604353394,Q5
48201551703,0.7733674775928298,Q4
48201551800,0.8898847631241997,Q5
48201551900,0.30089628681177977,Q2
48201552001,0.5749039692701664,Q3
48201552002,0.6594110115236875,Q4
48201552101,0.6850192061459667,Q4
48201552102,0.6862996158770807,Q4
48201552103,0.5339308578745199,Q3
48201552200,0.43661971830985913,Q3
48201552301,0.7183098591549296,Q4
48201552302,0.618437900128041,Q4
48201552400,0.47503201024327785,Q3
48201552500,0.5928297055057619,Q3
48201552601,0.19718309859154928,Q1
48201552602,0.674775928297055,Q4
48201552700,0.5006402048655569,Q3
48201552800,0.6901408450704225,Q4
48201552900,0.5685019206145967,Q3
48201553001,0.7490396927016645,Q4
48201553002,0.7912932138284251,Q4
48201553100,0.6133162612035852,Q4
48201553200,0.26632522407170295,Q2
48201553300,0.11523687580025609,Q1
48201553401,0.8834827144686299,Q5
48201553402,0.8463508322663252,Q5
48201553403,0.7797695262483995,Q4
48201553500,0.7964148527528809,Q4
48201553600,0.7221510883482715,Q4
48201553700,0.8053777208706786,Q5
48201553801,0.9654289372599232,Q5
48201553802,0.6734955185659411,Q4
48201553900,0.9180537772087067,Q5
48201554001,0.6581306017925737,Q4
48201554002,0.9462227912932138,Q5
48201554101,0.9295774647887324,Q5
48201554102,0.8373879641485276,Q5
48201554200,0.7119078104993598,Q4
48201554301,0.9001280409731114,Q5
48201554302,0.8079385403329066,Q5
48201554401,0.9436619718309859,Q5
48201554402,0.8886043533930857,Q5
48201554403,0.8489116517285531,Q5
48201554501,0.9167733674775929,Q5
48201554502,0.9142125480153649,Q5
48201554600,0.9270166453265045,Q5
48201554700,0.8412291933418694,Q5
48201554801,0.8015364916773368,Q5
48201554802,0.8988476312419974,Q5
48201554901,0.6696542893725992,Q4
48201554902,0.8655569782330346,Q5
48201554903,0.8668373879641486,Q5
48201555000,0.7708066581306018,Q4
48201555100,0.7874519846350833,Q4
48201555200,0.8130601792573624,Q5
48201555301,0.8911651728553137,Q5
48201555302,0.9539052496798975,Q5
48201555303,0.8540332906530089,Q5
48201555401,0.6286811779769527,Q4
48201555402,0.5121638924455826,Q3
48201555501,0.6670934699103713,Q4
48201555502,0.8591549295774648,Q5
48201555600,0.8553137003841229,Q5
48201555701,0.8860435339308579,Q5
48201555702,0.912932138284251,Q5
48201556000,0.6017925736235595,Q4
